title,source,published_at,description,url
Tom Holland is supported by his proud parents Nikki and Dominic at the Spider-Man: Brand New Day premiere as he earns rave reviews from critics,Dailymail.com,2026-07-30T11:46:45Z,Tom Holland's parents were proudly in attendance as they joined the actor at the LA premiere of Spider-Man: Brand New Day.,https://www.dailymail.com/tvshowbiz/article-16016459/Tom-Holland-parents-Nikki-Dominic-Spider-Man-Brand-New-Day-premiere.html
Lottie Moss looks effortlessly stylish in a red minidress as she stuns at Spider-Man: Brand New Day premiere,Dailymail.com,2026-07-30T11:07:16Z,Lottie Moss looked effortlessly stylish in a red minidress as she attended the star-studded Spider-Man: Brand New Day premiere on Wednesday.,https://www.dailymail.com/tvshowbiz/article-16016361/Lottie-Moss-Spider-Man-Brand-New-Day-premiere.html
Confirmed: Multiple Actors Cut From Tom Holland’s ‘Spider-Man: Brand New Day’,Inside the Magic,2026-07-30T10:32:57Z,"As the latest entry in the Marvel Cinematic Universe’s Spider-Man franchise hits theaters, new information has come to light about the cast. With Spider-Man: Brand New Day (2026) swinging into theaters this week, Marvel Studios and Sony Pictures are preparing…",https://insidethemagic.net/2026/07/confirmed-multiple-actors-cut-tom-holland-spider-man-brand-new-day-th1/
Heartwarming moment Tom Holland swoons over Zendaya as she steps onto the red carpet at Spider-Man premiere after calling her his 'wife',Dailymail.com,2026-07-30T09:19:39Z,Tom Holland was caught swooning over his wife Zendaya as she stepped onto the red carpet at the Spider-Man premiere on Wednesday.,https://www.dailymail.com/tvshowbiz/article-16015871/Tom-Holland-swoons-Zendaya-Spider-Man.html
Hollywood’s ‘memory moment’: How Spider-Man vs. The Odyssey is driving the box office’s best summer since the pandemic,Fortune,2026-07-30T06:45:00Z,"With the box office tracking to its first $10 billion year since the pandemic, Tom Holland and Zendaya (and Jon Bernthal) find themselves in rare company.",https://fortune.com/2026/07/30/hollywood-memory-moment-how-spider-man-vs-the-odyssey-is-driving-box-offices-best-summer-since-pandemic/
Critics identify stand-out star in Spider-Man: Brand New Day in early reviews: ‘She’s devastating’,The-independent.com,2026-07-30T06:31:23Z,Spider-Man: Brand New Day opens in cinemas on 31 July,https://www.the-independent.com/arts-entertainment/films/news/sadie-sink-spider-man-brand-new-day-tom-holland-stranger-things-b3024304.html
Spider-Man: Brand New Day is the return of the mid-tier Marvel movie,ABC News (AU),2026-07-30T03:05:33Z,Tom Holland's return as a now-anonymous Peter Parker isn't the igniting spark Marvel needs to revive its cinematic universe.,https://www.abc.net.au/news/2026-07-30/spiderman-brand-new-day-review-sadie-sink/106969964
Zendaya says 'easy' working with husband Tom Holland at Spider-Man premiere,BBC News,2026-07-29T20:21:46Z,"The couple walked the white carpet at the London premiere of their latest film, Spiderman: Brand New Day.",https://www.bbc.co.uk/news/articles/c0km3d2j6mko
Tomdaya: at home at last?,LaineyGossip,2026-07-29T19:54:17Z,"My bad, I was wrong, I’m the problem… when I said that the LA premiere of Spider-Man: Brand New Day would be the last because I actually thought they were already in London, and they were, but for The Odyssey, three weeks ago. There have been so many carpets,…",https://www.laineygossip.com/zendaya-and-tom-hollands-spider-man-brand-new-day-might-finally-have-come-to-a-close-at-home-in-london/
Caught in a web: Spider-Man battles the Marvel machine in Brand New Day,CBC News,2026-07-29T19:44:08Z,"How do you reset a superhero when he's a critical character for not one, but two Hollywood studios? Spider-Man: Brand New day tries to give Tom Holland a more mature hero, while attempting to overcome movie studio shenanigans.",https://www.cbc.ca/news/entertainment/spider-man-brand-new-day-tom-holland-9.7288116
Zendaya stuns in a plunging white gown as she joins husband Tom Holland at the Spider-Man premiere - as impressed fans declare 'Marvel is SO back!' in first reviews,Dailymail.com,2026-07-29T18:31:52Z,Zendaya continued her stylish Spider-Man: Brand New Day press tour alongside husband Tom Holland at Wednesday's star-studded  premiere in London.,https://www.dailymail.com/tvshowbiz/article-16014433/Spider-Man-zendaya-tom-holland-london-premiere.html
Zendaya keeps skipping lipstick on the red carpet in favor of this ‘effortless’ balm,Page Six,2026-07-29T17:21:19Z,"She's used it for both her ""Odyssey"" and ""Spider-Man: Brand New Day"" press tours.",https://pagesix.com/2026/07/29/style/zendaya-wore-this-prada-lip-balm-on-her-odyssey-and-spider-man-press-tours/
Why Spider-Man Still Thrives While Other Superhero Franchises Stall,Forbes,2026-07-29T17:00:00Z,"Every major superhero studio has taken a box office hit over the past three years, but Spider-Man: Brand New Day is projected to reach $465 million in its opening weekend",https://www.forbes.com/sites/sophiamorano/2026/07/29/why-spider-man-still-thrives-while-other-superhero-franchises-stall/
Ranking Every ‘Spider-Man’ Movie By Rotten Tomatoes Score After ‘Brand New Day’,Forbes,2026-07-29T16:24:49Z,How does Spider-Man: Brand New Day stack up against all other Spider-Man movies on Rotten Tomatoes? Now we know.,https://www.forbes.com/sites/paultassi/2026/07/29/ranking-every-spider-man-movie-by-rotten-tomatoes-score-after-brand-new-day/
"Body of Bokaro migrant worker, who died in accident, returns from Saudi Arabia",The Times of India,2026-07-29T11:57:19Z,"Bokaro migrant worker deaths surge: 70+ in 1.5 years; five bodies returned from abroad, including Saudi accident victim. Families seek faster repatriation.",https://timesofindia.indiatimes.com/city/ranchi/body-of-bokaro-migrant-worker-who-died-in-accident-returns-from-saudi-arabia/articleshow/132711496.cms
Times Samman Dehradun 2026: A tribute to brave hearts from Sainya Bhoomi,The Times of India,2026-07-29T11:56:37Z,"India News: Uttarakhand has emerged as a preferred destination for defence personnel, with institutions like IMA, RIMC, etc., and a growing creative ecosystem. Wh.",https://timesofindia.indiatimes.com/india/times-samman-dehradun-2026-a-tribute-to-brave-hearts-from-sainya-bhoomi/articleshow/132711315.cms
When AI takes root in a tribal hamlet,The Times of India,2026-07-29T11:55:08Z,"JanAI launches AI-powered community cafe in HD Kote, Mysuru, training Jenukuraba women and youth in digital skills and entrepreneurship; 100 cafes planned.",https://timesofindia.indiatimes.com/city/mysuru/when-ai-takes-root-in-a-tribal-hamlet/articleshow/132711457.cms
"Undertrial Prisoner Found Dead in Lohardaga Jail, Family Demands Probe",The Times of India,2026-07-29T11:53:42Z,"Undertrial prisoner Jahid Pawariya, 27, found dead in Lohardaga jail; family alleges murder, blocks Ranchi-Kudu-Medininagar NH as probe and autopsy awaited.",https://timesofindia.indiatimes.com/city/ranchi/undertrial-prisoner-found-dead-in-lohardaga-jail-family-demands-probe/articleshow/132711406.cms
Vande Mataram Bill 2026 explained: What changes and what punishment it proposes,The Times of India,2026-07-29T11:51:49Z,"India News: The Rajya Sabha has passed the Vande Mataram Bill 2026, granting statutory protection to Vande Mataram akin to India's National Anthem, Jana Gana Mana, and establishing penalties for its insult or disruption.",https://timesofindia.indiatimes.com/india/vande-mataram-bill-2026-explained-what-changes-and-what-punishment-it-proposes/articleshow/132710967.cms
Five cops suspended after CSP loot accused escapes from hospital in Sitamarhi,The Times of India,2026-07-29T11:50:21Z,Five Sitamarhi cops suspended after CSP loot accused Fekan Kumar escaped from Sadar Hospital prisoner ward; FIR filed and raids launched to rearrest him.,https://timesofindia.indiatimes.com/city/patna/five-cops-suspended-after-csp-loot-accused-escapes-from-hospital-in-sitamarhi/articleshow/132711349.cms
"Audi's biggest SUV yet! Q9 unveiled with 7-seat cabin, V6 diesel & more",The Times of India,2026-07-29T11:50:10Z,"Audi has unveiled its largest and most premium Q9 SUV. This new model will arrive in India during the second quarter of 2027. It features advanced digital displays and automatic doors for passengers. The Q9 offers multiple engine options, including a diesel V…",https://timesofindia.indiatimes.com/auto/cars/audis-biggest-suv-yet-q9-unveiled-with-7-seat-cabin-v6-diesel-more/articleshow/132711253.cms
Sabarmati Ashram replica at Badanavalu set for Oct 2 inauguration,The Times of India,2026-07-29T11:49:25Z,"Sabarmati Ashram replica at Mysuru’s Badanavalu khadi centre is 95% complete after railway clearance; inauguration planned for Oct 2, with museum and workshops proposed.",https://timesofindia.indiatimes.com/city/mysuru/sabarmati-ashram-replica-at-badanavalu-set-for-oct-2-inauguration/articleshow/132711302.cms
Trichy Corporation seals five shops in Chathiram bus stand over non-payment of rent,The Times of India,2026-07-29T11:49:11Z,Trichy Corporation seals 5 Chathiram bus stand shops for non-payment of rent; dues exceed Rs 5 lakh. Deposits may be adjusted; auction for new tenants possible.,https://timesofindia.indiatimes.com/city/trichy/trichy-corporation-seals-five-shops-in-chathiram-bus-stand-over-non-payment-of-rent/articleshow/132711297.cms
UPPSC PCS registration deadline extended: Check new dates to submit application here,The Times of India,2026-07-29T11:46:36Z,"The Uttar Pradesh Public Service Commission has extended the UPPSC PCS Preliminary Examination 2026 application deadline to August 3, offering another opportunity to candidates who missed the earlier registration window. The revised schedule also allows fee p…",https://timesofindia.indiatimes.com/education/news/uppsc-pcs-registration-deadline-extended-check-new-dates-to-submit-application-here/articleshow/132711205.cms
Does Jalen Hurts have a master's degree? Inside the Eagles quarterback's academic journey,The Times of India,2026-07-29T11:40:00Z,"Jalen Hurts earned a master's degree in human relations from the University of Oklahoma in May 2023, while preparing for a Super Bowl run and signing the biggest contract in Eagles history. With criticism mounting heading into 2026, here's a look at the acade…",https://timesofindia.indiatimes.com/sports/nfl/news/does-jalen-hurts-have-a-masters-degree-inside-the-eagles-quarterbacks-academic-journey/articleshow/132710375.cms
10 lakh farmers benefit from BAU outreach drive,The Times of India,2026-07-29T11:36:27Z,"Bihar Agricultural University’s 22 KVKs reach 10 lakh farmers; launch pond renovation, Farmer Libraries, Problem Bank, and programs to promote modern farming.",https://timesofindia.indiatimes.com/city/patna/10-lakh-farmers-benefit-from-bau-outreach-drive/articleshow/132711036.cms
"Career turning point: “I didn't score a point the entire summer. My father hugged me and said, ‘We're gonna love you if.."" How Kobe Bryant turned heartbreak into NBA greatness",The Times of India,2026-07-29T11:31:34Z,"Before Kobe Bryant became an NBA icon, he went an entire summer league without scoring a single point. The disappointment could have ended his dream, but his father, Joe Bryant, gave him the encouragement that changed everything. That moment became the spark …",https://timesofindia.indiatimes.com/sports/nba/top-stories/career-turning-point-i-didnt-score-a-point-the-entire-summer-my-father-hugged-me-and-said-were-gonna-love-you-if-how-kobe-bryant-turned-heartbreak-into-nba-greatness/articleshow/132709322.cms
Assam NEET rank list 2026 likely to be out soon at dme.assam.gov.in: Check steps to download here,The Times of India,2026-07-29T11:29:46Z,"The Directorate of Medical Education (DME), Assam, is set to release the Assam NEET Rank List 2026 on its official website. Prepared using NEET UG 2026 scores, the PDF merit list will determine eligibility for MBBS and BDS admissions under the 85% state quota…",https://timesofindia.indiatimes.com/education/news/assam-neet-rank-list-2026-likely-to-be-out-soon-at-dme-assam-gov-in-check-steps-to-download-here/articleshow/132710683.cms
"Lock Upp 2: Rebel Kid reacts to backlash after her exit: ‘You can love me or hate me, I got my fat paycheck’",The Times of India,2026-07-29T10:32:37Z,Rebel Kid addressed social media hate following her Lock Upp 2 eviction. She explained her contract prevented her from revealing her departure earlier. Her role involved provoking contestants and initiating arguments to create conflict. She stated this strate…,https://timesofindia.indiatimes.com/tv/news/hindi/lock-upp-2-rebel-kid-reacts-to-backlash-after-her-exit-you-can-love-me-or-hate-me-i-got-my-fat-paycheck/articleshow/132709346.cms
"Every Spider-Man Movie, Ranked",esquire.com,2026-07-29T10:00:00Z,"Every Spider-Man movie ranked from worst to best, including the live-action films, Spider-Verse entries, and Spider-Man: Brand New Day.",https://www.esquire.com/entertainment/movies/a73284084/spider-man-movies-ranked/
Spider-Man: Brand New Day Box Office Tracking And Budget Revealed As Spoiler-Filled Clips Flood Social Media,CBM (Comic Book Movie),2026-07-29T09:25:32Z,"Even as leaked clips start hitting social media, Spider-Man: Brand New Day is on track for a massive opening weekend at the global box office. The movie's production budget has also been revealed.",https://comicbookmovie.com/spider_man/spider_man-brand-new-day/spider-man-brand-new-day-box-office-tracking-and-budget-revealed-as-spoiler-filled-clips-flood-social-media-a229097
Critics identify stand-out star in Spider-Man: Brand New Day in early reviews: ‘She’s devastating’,The-independent.com,2026-07-29T08:37:11Z,Spider-Man: Brand New Day opens in cinemas on 31 July,https://www.the-independent.com/arts-entertainment/films/news/spider-man-sadie-sink-tom-holland-brand-new-day-reviews-b3023520.html
SPIDER-MAN: BRAND NEW DAY Earns Rave First Reactions and Reviews,GeekTyrant,2026-07-28T22:00:00Z,"I walked into Spider-Man: Brand New Day with ridiculously high expectations. After everything Spider-Man: No Way Home accomplished, I wasn't sure another solo Spider-Man movie could hit me the same way. I couldn't have been happier to be wrong.This movie abso…",https://geektyrant.com/news/spider-man-brand-new-day-earns-rave-first-reactions
Tom and Zendaya’s Last Stop (for now),LaineyGossip,2026-07-28T16:31:33Z,Tom Holland and Zendaya have been on a full-time press tour for a couple of months now with both The Odyssey and Spider-Man: Brand New Day. Last night’s LA premiere was the last red carpet and they can head back inside soon… for now. Because for her she has D…,https://www.laineygossip.com/is-zendayas-dramatic-black-dress-at-la-premiere-of-spider-man-brand-new-day-a-fashion-bridge-to-dune-3/
"Intro for July 28 , 2026",LaineyGossip,2026-07-28T13:36:53Z,"Dear Gossips,

We’ll get to Tomdaya at the Spider-Man: Brand New Day premiere last night since they’re almost always the main character whenever they show up together. But when Michael B Jordan makes a surprise appearance, everyone has to make room.





He i…",https://www.laineygossip.com/michael-b-jordan-sexiest-geek-there-ever-was-at-la-premiere-of-spider-man-brand-new-day/
‘Spider-Man: Brand New Day’ Review: The MCU Wastes Its Chance for a Fresh Start with a Dull and Downbeat Sequel,IndieWire,2026-07-28T13:00:00Z,"'Spider-Man: Brand New Day' should have been the movie that got the MCU back on track. Instead, it epitomizes why things have gone off the rails.",https://www.indiewire.com/criticism/movies/spider-man-brand-new-day-review-1235207238/
"Spider-Man: Brand New Day first reactions say it's like ""a mini Avengers film"" and Sadie Sink's mystery role is ""perfect""",GamesRadar+,2026-07-28T08:22:49Z,The first reactions are in for Spider-Man: Brand New Day,https://www.gamesradar.com/entertainment/marvel-movies/spider-man-brand-new-day-first-reactions-say-its-like-a-mini-avengers-film-and-sadie-sinks-mystery-role-is-perfect/
“The Best Movie In All 3 Series”: Spider-Man: Brand New Day First Reactions Are In & They’re Spectacular,ComicBook.com,2026-07-28T07:15:59Z,"Image courtesy of Sony Pictures

Marvel Studios and Sony Pictures are closing out the summer with Spider-Man: Brand New Day, one of their biggest movies in years. The fourth standalone outing for Tom Holland’s Peter Parker arrives as the 38th film in the Marv…",http://comicbook.com/movies/news/the-best-movie-in-all-3-series-spider-man-brand-new-day-first-reactions-are-in-theyre-spectacular/
Spider-Man: Brand New Day First Reactions Swing Online Following LA Premiere,CBM (Comic Book Movie),2026-07-28T05:35:38Z,"Following the movie's LA premiere, the first social media reactions to Spider-Man: Brand New Day are in. How does Spidey's latest solo adventure match up to previous outings?",https://comicbookmovie.com/spider_man/spider_man-brand-new-day/spider-man-brand-new-day-first-reactions-swing-online-following-la-premiere-a229082
“Spider-Man: Brand New Day” First Reactions,Dark Horizons,2026-07-28T05:31:41Z,"Sony & Marvel’s “Spider-Man: Brand New Day” has finally premiered in Los Angeles, and with it comes the early reactions ahead of the major reviews due out in the morning. The new movie, set four years after the events of “Spider-Man: No Way Home,” sees Peter …",https://www.darkhorizons.com/spider-man-brand-new-day-first-reactions/
‘Spider-Man: Brand New Day’ First Reactions Praise New Installment as ‘Best’ in the Tom Holland Series,TheWrap,2026-07-28T05:29:53Z,"""Strong emotional center, blistering action, deeply sincere. Just excellent,"" one critic writes
The post ‘Spider-Man: Brand New Day’ First Reactions Praise New Installment as ‘Best’ in the Tom Holland Series appeared first on TheWrap.",https://www.thewrap.com/creative-content/movies/spider-man-brand-new-day-first-reactions/
Spider-Man: Brand New Day First Reactions Are Officially In,Screen Rant,2026-07-28T05:08:02Z,The first official reactions to Tom Holland's highly anticipated Spider-Man: Brand New Day movie have finally arrived ahead of the film's release.,https://screenrant.com/spider-man-brand-new-day-reactions-marvel/
Spider-Man Brand New Day First Reactions,Hollywood Reporter,2026-07-28T05:03:00Z,The Tom Holland and Zendaya superhero movie hits theaters on July 31.,http://www.hollywoodreporter.com/movies/movie-news/spider-man-brand-new-day-first-reactions-1236657719/
Rigoletto Most Ridic,Steynonline.com,2026-07-25T14:00:00Z,"Welcome to another brand new post-coma edition of Mark Steyn on the Town. On today's show, Mark's sunny disposition leads only to the breadline, our Classical Corner and Non-Stop Number Ones meet up for a little opera, and we luxuriate in the all-time",https://www.steynonline.com/16326/rigoletto-most-ridic
"Celebrity Social Media for July 24, 2026",LaineyGossip,2026-07-24T17:14:03Z,"Promotion for a film usually stops abruptly as soon as it opens. Going into its second weekend, though, there is still so much about The Odyssey it feels like it hasn’t premiered yet; not just because certain cast members continue to make appearances and do i…",https://www.laineygossip.com/tom-holland-explains-why-friendship-with-jon-bernthal-so-important-to-him-on-hot-ones/
Tom Holland on his wife and his tenure,LaineyGossip,2026-07-22T16:04:07Z,"Before we get to the ooey gooey, let’s talk about where Tom Holland is right now, metaphorically. As Telemachus in The Odyssey, he’s just given the best we’ve seen of his career so far. Which means I vehemently disagree with Variety’s cast and character ranki…",https://www.laineygossip.com/tom-holland-gives-best-possible-answer-when-asked-about-his-tenure-as-spider-man/
Spider-Man: Brand New Day's Place In The MCU Timeline Revealed - New Footage Teases Savage Hulk Battle,CBM (Comic Book Movie),2026-07-21T09:53:00Z,"Marvel Studios President Kevin Feige has revealed how Spider-Man: Brand New Day fits into the wider MCU's timeline. New footage, meanwhile, reveals more Savage Hulk, Scorpion, and Punisher action.",https://comicbookmovie.com/spider_man/spider_man-brand-new-day/spider-man-brand-new-days-place-in-the-mcu-timeline-revealed---new-footage-teases-savage-hulk-battle-a228921
Spider-Man: Brand New Day Poster Is The Best One Yet - Final Trailer Release Date Reportedly Revealed,CBM (Comic Book Movie),2026-07-21T08:53:20Z,A new Spider-Man: Brand New Day poster highlights the movie's leads—including Sadie Sink's mysterious character—and comes with news of when the final trailer will likely be released.,https://comicbookmovie.com/spider_man/spider_man-brand-new-day/spider-man-brand-new-day-poster-is-the-best-one-yet---final-trailer-release-date-reportedly-revealed-a228919
"Spiderman, Doctor Strange And More: Avengers Missing From The First ‘Doomsday’ Trailer",Forbes,2026-07-20T16:57:56Z,"The first official trailer is bursting at the seams with Avengers galore, but given the sheer smorgasbord of MCU properties, there are still several prominent names that have not appeared in the trailer.",https://www.forbes.com/sites/hannahabraham/2026/07/20/spiderman-doctor-strange-and-more-avengers-missing-from-the-first-doomsday-trailer/
Comics Folk React To Steve Wacker As Marvel EIC… Many Called Tom,Bleeding Cool News,2026-07-20T13:58:09Z,"At Marvel Comics, Steve Wacker was editorially responsible for Amazing Spider-Man One More Day/Brand New Day, Matt Fraction/David Aja Hawkeye, the Mark Waid/Christopher Samnee Daredevil, the Sana Amanat/G. Willow Wilson/Adrian Alphona/Jamie McKelvie Ms Marvel…",https://bleedingcool.com/comics/comics-folk-react-to-steve-wacker-as-marvel-eic-many-called-tom/
Marvel’s Move From New York To Burbank Is The End Of Several Eras,Forbes,2026-07-16T18:24:01Z,Marvel is moving its offices west and replacing its Editor-in-Chief as changes continue for the Disney-owned super-brand.,https://www.forbes.com/sites/robsalkowitz/2026/07/16/marvels-move-from-new-york-to-burbank-is-the-end-of-several-eras/
How UK's poshest garden centre is cashing in on 'old junk': Rusted tables and paint-peel chairs you might overlook at a car boot sale go for up to four figures at Surrey nurseries loved by celebrities,Dailymail.com,2026-07-16T10:03:55Z,"Amongst the pots of lavender and petunias at upmarket Petersham Nurseries, close to the River Thames, is some expensive garden furniture that's a little jaded to say the least.",https://www.dailymail.com/lifestyle/article-15979043/posh-garden-centre-Petersham-nurseries-Surrey-junk.html
The 6 best free things to do in London this weekend [July 17-19 2026],Time Out,2026-07-16T06:00:16Z,"A climbing festival, Soho Village Fete, an east London art biennale and Nelson Mandela Day celebrations all feature in our wallet-friendly roundup",https://www.timeout.com/london/news/free-things-to-do-weekend-july-17-19-2026-071626
"Spider-Man: Brand New Day Star Tom Holland Says The ""Last Frame"" Of The Movie Will Explain The Title",CBM (Comic Book Movie),2026-07-15T12:23:16Z,Spider-Man: Brand New Day star Tom Holland appears to have hinted that the movie will end with some sort of plot twist that will explain the title...,https://comicbookmovie.com/spider_man/spider_man-brand-new-day/spider-man-brand-new-day-star-tom-holland-says-the-last-frame-of-the-movie-will-explain-the-title-a228818
‘Supergirl’ Is The Worst-Earning DC Movie Since 2004’s ‘Catwoman’,Forbes,2026-07-11T12:40:45Z,"Supergirl isn't just a bomb, it's one of the worst-earning DC movies ever, at least in the last 22 years. Maybe even more, adjusting for inflation.",https://www.forbes.com/sites/paultassi/2026/07/11/supergirl-is-the-worst-earning-dc-movie-since-2004s-catwoman/
"SPIDER-MAN: BRAND NEW DAY Art Book Leak Reveals Alternate Punisher, Savage Hulk, and Villain Designs",GeekTyrant,2026-07-10T18:00:00Z,"Spider-Man: Brand New Day is almost here, and fans are grabbing onto every new detail they can find. With the movie only weeks away, the marketing campaign has started peeling back the curtain just enough to keep excitement climbing, and now an unexpected lea…",https://geektyrant.com/news/spider-man-brand-new-day-art-book-leak-reveals-alternate-punisher-savage-hulk-and-villain-designs
"Spider-Man: Brand New Day Artbook Leak Reveals Epic Spoiler Showdown, Grey Hulk, Punisher, Peter/MJ & Villains",CBM (Comic Book Movie),2026-07-08T18:50:02Z,"Well, here's something unexpected as a preview for the upcoming Spider-Man: Brand New Day - The Art Of The Movie book has surfaced online, offering multiple spoiler-y new looks at the Marvel blockbuster.",https://comicbookmovie.com/spider_man/spider_man-brand-new-day/spider-man-brand-new-day-artbook-leak-reveals-epic-spoiler-showdown-grey-hulk-punisher-peter-mj-villains-a228695
Spider-Man: Brand New Day: We Finally Know What Marvel Was Shooting In Wembley Last Month,CBM (Comic Book Movie),2026-07-05T11:21:00Z,"We've finally learned what Spider-Man was doing in Wembley last month, and it wasn't for Avengers: Doomsday. We also have news on Peter Parker's status quo in Spider-Man: Brand New Day.",https://comicbookmovie.com/spider_man/spider_man-brand-new-day/spider-man-brand-new-day-we-finally-know-what-marvel-was-shooting-in-wembley-last-month-a228645
Spider-Man: Brand New Day: We Finally What Marvel Was Shooting In Wembley Last Month,CBM (Comic Book Movie),2026-07-05T10:23:42Z,"We've finally learned what Spider-Man was doing in Wembley last month, and it wasn't for Avengers: Doomsday. We also have news on Peter Parker's status quo in Spider-Man: Brand New Day.",https://comicbookmovie.com/spider_man/spider_man-brand-new-day/spider-man-brand-new-day-we-finally-what-marvel-was-shooting-in-wembley-last-month-a228645
Creator Says Fans Worried By Danganronpa 2×2′s Surprise Delay Can Just Play GTA 6 While They Wait,Kotaku,2026-07-04T13:51:14Z,The designers revealed fresh details at Anime Expo 2026,https://kotaku.com/creator-says-fans-worried-by-danganronpa-2x2s-surprise-delay-can-just-play-gta-6-while-they-wait-2000712572
